{
    "Bari": {
        "min": 0.052645199219118345,
        "q1": 0.5262800226468821,
        "median": 0.6053555916647659,
        "q3": 0.652954447566601,
        "max": 0.6956111422909986,
        "mean": 0.5693075368357097
    },
    "Bologna": {
        "min": 0.06028389724943461,
        "q1": 0.5346224421519812,
        "median": 0.5772086822437045,
        "q3": 0.6510078806919083,
        "max": 0.8360434338441526,
        "mean": 0.5938388155637416
    },
    "Jakarta": {
        "min": 0.0,
        "q1": 0.34024730620267,
        "median": 0.419071075186314,
        "q3": 0.4968515688044528,
        "max": 0.7038166611604083,
        "mean": 0.4206554372512822
    },
    "New York City": {
        "min": 0.07399238749394788,
        "q1": 0.4866813512658746,
        "median": 0.5602111167386384,
        "q3": 0.6472965449995568,
        "max": 1.1608986625330162,
        "mean": 0.5745531341061527
    },
    "Osaka": {
        "min": 0.011479632682764737,
        "q1": 0.6342097014266977,
        "median": 0.678494300834713,
        "q3": 0.7210031388636403,
        "max": 0.9268656586837035,
        "mean": 0.6718649666697181
    },
    "San Francisco": {
        "min": 0.24638817269772806,
        "q1": 0.536982752199949,
        "median": 0.6277681234909518,
        "q3": 0.7107492136616994,
        "max": 1.0359624080837875,
        "mean": 0.6256501929964968
    },
    "Montreal": {
        "min": 0.014346944599824135,
        "q1": 0.4542529948073812,
        "median": 0.5427549452019939,
        "q3": 0.6035088512468803,
        "max": 0.7604384788449102,
        "mean": 0.5268982957636306
    },
    "Madrid": {
        "min": 0.0003316157032951811,
        "q1": 0.5718129612894765,
        "median": 0.6432121833821443,
        "q3": 0.7051848513136741,
        "max": 1.0269107550895649,
        "mean": 0.6331356887936822
    },
    "Istanbul": {
        "min": 0.0,
        "q1": 0.4412839899340529,
        "median": 0.5141620599001203,
        "q3": 0.5664170899697692,
        "max": 0.8117109693861115,
        "mean": 0.49480155047711244
    },
    "Edinburgh": {
        "min": 0.04022988505747127,
        "q1": 0.4741264657152406,
        "median": 0.574499007579389,
        "q3": 0.6495237055361911,
        "max": 0.7956178764070061,
        "mean": 0.5630249711375073
    },
    "Bogota": {
        "min": 0.0,
        "q1": 0.4945995393562432,
        "median": 0.5627999139603846,
        "q3": 0.6181711748090911,
        "max": 0.8954410927590334,
        "mean": 0.5548500976386772
    },
    "Athens": {
        "min": 0.39545337235808065,
        "q1": 0.6309842886547535,
        "median": 0.6743114509739742,
        "q3": 0.7132299515789754,
        "max": 0.8637489918468525,
        "mean": 0.6739760402111415
    },
    "Boston": {
        "min": 0.11852384741756544,
        "q1": 0.45782169669221484,
        "median": 0.5522664746338009,
        "q3": 0.6245818066028547,
        "max": 0.7530415871540953,
        "mean": 0.5398342697060972
    },
    "Nairobi": {
        "min": 0.0,
        "q1": 0.3366096118297,
        "median": 0.45012701699248375,
        "q3": 0.5756632471805859,
        "max": 0.8546294515327615,
        "mean": 0.4623406755031456
    },
    "The Hague": {
        "min": 0.08150345573935341,
        "q1": 0.4771022440717155,
        "median": 0.5508165213445732,
        "q3": 0.6260771409349682,
        "max": 0.7207339066450457,
        "mean": 0.5443298234510168
    },
    "Warsaw": {
        "min": 0.002246944856287038,
        "q1": 0.48015845734715734,
        "median": 0.5477059100877991,
        "q3": 0.5918046225299121,
        "max": 0.7889240569713492,
        "mean": 0.5289150857552963
    },
    "Taipei": {
        "min": 0.07578166308571366,
        "q1": 0.5754196174473875,
        "median": 0.6502494086820696,
        "q3": 0.7271753441386184,
        "max": 0.9822530497503008,
        "mean": 0.6486250889421623
    },
    "Sapporo": {
        "min": 0.0027180318315552054,
        "q1": 0.4494690183202577,
        "median": 0.5176848890230379,
        "q3": 0.5694734551432914,
        "max": 0.7227339406171572,
        "mean": 0.5048843724989803
    },
    "Turin": {
        "min": 0.1153484532494649,
        "q1": 0.5628654940179492,
        "median": 0.6050941493635046,
        "q3": 0.6308582594847353,
        "max": 0.7472154297357073,
        "mean": 0.5947120084816345
    },
    "Barcelona": {
        "min": 0.09044113120255552,
        "q1": 0.6641918159006371,
        "median": 0.7132845929345931,
        "q3": 0.7961833160709282,
        "max": 0.9615824654959293,
        "mean": 0.7147680040762637
    },
    "Rome": {
        "min": 0.0016693996771526,
        "q1": 0.46500929129853447,
        "median": 0.5506022275595039,
        "q3": 0.6154951956692006,
        "max": 0.7365481411742469,
        "mean": 0.5257870349888184
    },
    "London": {
        "min": 0.000571731938791933,
        "q1": 0.5091324993034849,
        "median": 0.5601902618607291,
        "q3": 0.6047001950392848,
        "max": 0.8902192247425661,
        "mean": 0.5571695023440558
    },
    "Zurich": {
        "min": 0.21582178179799394,
        "q1": 0.5608958630486792,
        "median": 0.619414162346224,
        "q3": 0.6785821349235605,
        "max": 0.8543566309559386,
        "mean": 0.6217136490538224
    },
    "Helsinki": {
        "min": 0.0554934465725501,
        "q1": 0.43243887507211054,
        "median": 0.49994312585871,
        "q3": 0.5517224765642262,
        "max": 0.714008101673949,
        "mean": 0.49186396303063984
    },
    "Tallinn": {
        "min": 0.023126111752108856,
        "q1": 0.43367893223566356,
        "median": 0.4834625133763616,
        "q3": 0.5313061385433451,
        "max": 0.696857648994544,
        "mean": 0.47363410688220337
    },
    "Seattle": {
        "min": 0.07136674828713445,
        "q1": 0.48275144935201414,
        "median": 0.541677409878559,
        "q3": 0.5987981822898737,
        "max": 0.7845781314942863,
        "mean": 0.541820511326568
    },
    "Manila": {
        "min": 0.15683156382080593,
        "q1": 0.5935468644742337,
        "median": 0.6330908504737159,
        "q3": 0.6684718152911066,
        "max": 0.7846716314569139,
        "mean": 0.6258451342044794
    },
    "Miami": {
        "min": 0.15069226662833005,
        "q1": 0.37394244907158464,
        "median": 0.44193741926970653,
        "q3": 0.5002346644745328,
        "max": 0.6482328657399513,
        "mean": 0.4324951253461156
    },
    "Rotterdam": {
        "min": 0.011494252873563204,
        "q1": 0.4484518715939434,
        "median": 0.5279629952546728,
        "q3": 0.5773851150357775,
        "max": 0.6818273487527198,
        "mean": 0.5026202564597779
    },
    "Los Angeles": {
        "min": 0.0,
        "q1": 0.3550294537397605,
        "median": 0.4555648950917551,
        "q3": 0.5372016883342361,
        "max": 0.7028023714398132,
        "mean": 0.43978666115228965
    },
    "Rio de Janeiro": {
        "min": 0.0,
        "q1": 0.36697403520003596,
        "median": 0.45900957905613876,
        "q3": 0.5508732531851472,
        "max": 0.7961261364426999,
        "mean": 0.45492975554166626
    },
    "Ottawa": {
        "min": 0.0,
        "q1": 0.4261810864349797,
        "median": 0.5016060811375993,
        "q3": 0.5581635737997792,
        "max": 0.7502280947189494,
        "mean": 0.4925866381796399
    },
    "Melbourne": {
        "min": 0.0,
        "q1": 0.33404547879899305,
        "median": 0.42871018713778347,
        "q3": 0.5297619461614999,
        "max": 0.8793997582761605,
        "mean": 0.42777425100246325
    },
    "Atlanta": {
        "min": 0.0,
        "q1": 0.3101286138345555,
        "median": 0.45156563180913817,
        "q3": 0.5358811351677087,
        "max": 0.6577732001920454,
        "mean": 0.41728317535997705
    },
    "Buenos Aires": {
        "min": 0.1675089930710311,
        "q1": 0.5654188543007473,