{
    "Bari": {
        "min": 0.0001273670378372633,
        "q1": 0.38475519892731413,
        "median": 0.5539387796189038,
        "q3": 0.6326838378521883,
        "max": 0.923311223052392,
        "mean": 0.520106855505422
    },
    "Bologna": {
        "min": 0.00013078580855965878,
        "q1": 0.5431446350329662,
        "median": 0.6144832214175853,
        "q3": 0.6964221957770492,
        "max": 0.9996184914718184,
        "mean": 0.6133540598821184
    },
    "Jakarta": {
        "min": 8.100430844126702e-05,
        "q1": 0.6194890872046482,
        "median": 0.7105260174188242,
        "q3": 0.7851043451039724,
        "max": 1.0,
        "mean": 0.698210977936677
    },
    "New York City": {
        "min": 1.828061206884522e-05,
        "q1": 0.5003350448552438,
        "median": 0.5673755041273263,
        "q3": 0.6313533227380631,
        "max": 1.0,
        "mean": 0.5513472878771403
    },
    "Osaka": {
        "min": 3.34358859898543e-05,
        "q1": 0.24731280280749668,
        "median": 0.2918213253073212,
        "q3": 0.33671538043845517,
        "max": 1.0,
        "mean": 0.28882499784620314
    },
    "San Francisco": {
        "min": 0.00017653282628387582,
        "q1": 0.5268553959040361,
        "median": 0.5926876235817679,
        "q3": 0.6500538494976589,
        "max": 1.0,
        "mean": 0.589048768800015
    },
    "Montreal": {
        "min": 4.777722716173203e-06,
        "q1": 0.49766252822914575,
        "median": 0.6223846200809249,
        "q3": 0.7097917558883959,
        "max": 1.0,
        "mean": 0.6066927189253368
    },
    "Madrid": {
        "min": 1.4261322116180403e-05,
        "q1": 0.5375765101149251,
        "median": 0.6050569693201335,
        "q3": 0.6739015864230049,
        "max": 1.0,
        "mean": 0.6035651703855763
    },
    "Istanbul": {
        "min": 3.397636770540865e-05,
        "q1": 0.6159183212536204,
        "median": 0.7062815118777213,
        "q3": 0.7783580528006092,
        "max": 1.0,
        "mean": 0.6904205930424467
    },
    "Edinburgh": {
        "min": 0.0002030282871675081,
        "q1": 0.5285025106794081,
        "median": 0.5813427033393523,
        "q3": 0.6348194652409781,
        "max": 1.0,
        "mean": 0.578866751562181
    },
    "Bogota": {
        "min": 3.445385456108964e-05,
        "q1": 0.27743845483808677,
        "median": 0.3172803225222594,
        "q3": 0.35322346773441027,
        "max": 1.0,
        "mean": 0.3149056323055156
    },
    "Athens": {
        "min": 0.00042550889366568714,
        "q1": 0.5118393853646598,
        "median": 0.5694788500218669,
        "q3": 0.6454893812123301,
        "max": 1.0,
        "mean": 0.580454492839971
    },
    "Boston": {
        "min": 2.0851405802782152e-05,
        "q1": 0.48292014113664267,
        "median": 0.5456588208724393,
        "q3": 0.6168947926008808,
        "max": 1.0,
        "mean": 0.5530392570922248
    },
    "Nairobi": {
        "min": 0.0002729181862820632,
        "q1": 0.5263650023067424,
        "median": 0.6055026558560894,
        "q3": 0.6657198115657976,
        "max": 1.0,
        "mean": 0.5965749843612969
    },
    "The Hague": {
        "min": 8.040862784917272e-05,
        "q1": 0.5047706880056656,
        "median": 0.5857097744181836,
        "q3": 0.6470166019328594,
        "max": 1.0,
        "mean": 0.5387142103841199
    },
    "Warsaw": {
        "min": 5.500622884722992e-06,
        "q1": 0.5977081004876723,
        "median": 0.6807684188444525,
        "q3": 0.75589718206131,
        "max": 1.0,
        "mean": 0.6741868071418057
    },
    "Taipei": {
        "min": 4.79351974504359e-05,
        "q1": 0.27721570822373504,
        "median": 0.3158885943445001,
        "q3": 0.35274647694846967,
        "max": 1.0,
        "mean": 0.3140647258425607
    },
    "Sapporo": {
        "min": 4.3319049752786814e-05,
        "q1": 0.4182922567048486,
        "median": 0.47117383955243114,
        "q3": 0.5142585079321271,
        "max": 1.0,
        "mean": 0.4643904463244406
    },
    "Turin": {
        "min": 9.522174135620084e-05,
        "q1": 0.5784754041885896,
        "median": 0.628461071549381,
        "q3": 0.6800739882696508,
        "max": 1.0,
        "mean": 0.6271026471093674
    },
    "Barcelona": {
        "min": 0.00014150810847788297,
        "q1": 0.5646236683363275,
        "median": 0.6427686418060269,
        "q3": 0.7092460660488804,
        "max": 1.0,
        "mean": 0.6260354628494015
    },
    "Rome": {
        "min": 3.930257991556949e-05,
        "q1": 0.4626867033312329,
        "median": 0.5570007640740503,
        "q3": 0.6500282260294945,
        "max": 0.9589017750943049,
        "mean": 0.5525925285866602
    },
    "London": {
        "min": 3.795827576670867e-06,
        "q1": 0.5333075198888859,
        "median": 0.598544894715349,
        "q3": 0.6666649961278523,
        "max": 0.9837210512237206,
        "mean": 0.6017186777609126
    },
    "Zurich": {
        "min": 4.590599475719759e-05,
        "q1": 0.4784451432326422,
        "median": 0.5424423212404617,
        "q3": 0.6041439255659301,
        "max": 1.0,
        "mean": 0.5391859618936826
    },
    "Helsinki": {
        "min": 2.4202824492685933e-05,
        "q1": 0.4261187106527845,
        "median": 0.4797762486521137,
        "q3": 0.5384050404142584,
        "max": 1.0,
        "mean": 0.4797089026551567
    },
    "Tallinn": {
        "min": 6.540910307095678e-05,
        "q1": 0.6031498424171554,
        "median": 0.6720651542459275,
        "q3": 0.7263459378990912,
        "max": 1.0,
        "mean": 0.661375967695156
    },
    "Seattle": {
        "min": 4.137806194130729e-05,
        "q1": 0.5236626420168665,
        "median": 0.6152945168619264,
        "q3": 0.7117916212973693,
        "max": 1.0,
        "mean": 0.6204390306482095
    },
    "Manila": {
        "min": 0.0005409300403504885,
        "q1": 0.5465357804352428,
        "median": 0.6166491485774134,
        "q3": 0.6853074463215827,
        "max": 1.0,
        "mean": 0.6161536688806719
    },
    "Miami": {
        "min": 0.00020179261356705646,
        "q1": 0.5373766196081127,
        "median": 0.6378396108332506,
        "q3": 0.7504689474552527,
        "max": 1.0,
        "mean": 0.6423716562231578
    },
    "Rotterdam": {
        "min": 1.9157271652559476e-05,
        "q1": 0.4908454552555008,
        "median": 0.5585931135147175,
        "q3": 0.6235836930883368,
        "max": 1.0,
        "mean": 0.5561294206778971
    },
    "Los Angeles": {
        "min": 1.5389046566207736e-05,
        "q1": 0.4878191206404796,
        "median": 0.553145271961782,
        "q3": 0.6247961268352201,
        "max": 1.0,
        "mean": 0.5555596886245604
    },
    "Rio de Janeiro": {
        "min": 0.00010773269223358795,
        "q1": 0.6517009504026678,
        "median": 0.7337054016599445,
        "q3": 0.795748341760829,
        "max": 1.0,
        "mean": 0.721755664368697
    },
    "Ottawa": {
        "min": 1.2655899227929162e-05,
        "q1": 0.517353578484475,
        "median": 0.58428094283294,
        "q3": 0.6580378866220831,
        "max": 1.0,
        "mean": 0.5865779815758897
    },
    "Melbourne": {
        "min": 3.4371271823648864e-06,
        "q1": 0.5036813334205595,
        "median": 0.5778607201903513,
        "q3": 0.6652338430563111,
        "max": 0.9966429164273638,
        "mean": 0.5861231561995531
    },
    "Atlanta": {
        "min": 4.001422450301837e-05,
        "q1": 0.37233210313261483,
        "median": 0.4544941780185318,
        "q3": 0.5445690982937947,
        "max": 1.0,
        "mean": 0.45881137655994225
    },
    "Buenos Aires": {
        "min": 1.4716429446641882e-05,
        "q1": 0.14174215568215429,
        "median": 0.1586973610358718,
        "q3": 0.17453452415457182,
        "max": 1.0,
        "mean": 0.15796219863332397
    },
    "Mexico City": {
        "min": 4.403292413707514e-05,