{
    "Paris": {
        "mean": 5.309145505537436,
        "q1": 4.0,
        "median": 5.0,
        "q3": 6.0,
        "min": 1.0,
        "max": 27.0
    },
    "Barcelona": {
        "mean": 6.999746161846923,
        "q1": 4.0,
        "median": 6.0,
        "q3": 8.0,
        "min": 1.0,
        "max": 46.0
    },
    "Osaka": {
        "mean": 8.069469152255808,
        "q1": 5.0,
        "median": 7.0,
        "q3": 9.0,
        "min": 2.0,
        "max": 60.0
    },
    "Genoa": {
        "mean": 8.518246719835348,
        "q1": 5.0,
        "median": 7.0,
        "q3": 11.0,
        "min": 1.0,
        "max": 58.0
    },
    "Athens": {
        "mean": 8.824295501282569,
        "q1": 5.0,
        "median": 8.0,
        "q3": 11.0,
        "min": 2.0,
        "max": 27.0
    },
    "Florence": {
        "mean": 8.86593557330469,
        "q1": 6.0,
        "median": 8.0,
        "q3": 11.0,
        "min": 1.0,
        "max": 44.0
    },
    "Lisbon": {
        "mean": 9.151331872348079,
        "q1": 6.0,
        "median": 8.0,
        "q3": 12.0,
        "min": 2.0,
        "max": 55.0
    },
    "Copenhagen": {
        "mean": 9.169079956080045,
        "q1": 6.0,
        "median": 8.0,
        "q3": 11.0,
        "min": 2.0,
        "max": 47.0
    },
    "Zurich": {
        "mean": 9.32181770245253,
        "q1": 5.0,
        "median": 8.0,
        "q3": 12.0,
        "min": 2.0,
        "max": 56.0
    },
    "San Francisco": {
        "mean": 9.727657973131546,
        "q1": 6.0,
        "median": 9.0,
        "q3": 12.0,
        "min": 2.0,
        "max": 41.0
    },
    "Buenos Aires": {
        "mean": 9.739000716360573,
        "q1": 6.0,
        "median": 9.0,
        "q3": 12.0,
        "min": 2.0,
        "max": 39.0
    },
    "Tokyo": {
        "mean": 9.871089199122583,
        "q1": 6.0,
        "median": 8.0,
        "q3": 12.0,
        "min": 1.0,
        "max": 60.0
    },
    "Nottingham": {
        "mean": 9.919619945385852,
        "q1": 7.0,
        "median": 9.0,
        "q3": 12.0,
        "min": 2.0,
        "max": 32.0
    },
    "Turin": {
        "mean": 9.974890805769974,
        "q1": 7.0,
        "median": 9.0,
        "q3": 12.0,
        "min": 2.0,
        "max": 51.0
    },
    "Edinburgh": {
        "mean": 10.087607064269841,
        "q1": 6.0,
        "median": 9.0,
        "q3": 13.0,
        "min": 2.0,
        "max": 60.0
    },
    "Dublin": {
        "mean": 10.14792185562834,
        "q1": 6.0,
        "median": 9.0,
        "q3": 13.0,
        "min": 2.0,
        "max": 52.0
    },
    "Madrid": {
        "mean": 10.193658179278831,
        "q1": 6.0,
        "median": 8.0,
        "q3": 12.0,
        "min": 1.0,
        "max": 60.0
    },
    "Milan": {
        "mean": 10.911951008056464,
        "q1": 7.0,
        "median": 10.0,
        "q3": 13.0,
        "min": 2.0,
        "max": 55.0
    },
    "Bologna": {
        "mean": 10.938110405883318,
        "q1": 6.0,
        "median": 9.0,
        "q3": 14.0,
        "min": 2.0,
        "max": 58.0
    },
    "Berlin": {
        "mean": 11.076060637389066,
        "q1": 6.0,
        "median": 9.0,
        "q3": 14.0,
        "min": 1.0,
        "max": 60.0
    },
    "Munich": {
        "mean": 11.084828650323935,
        "q1": 7.0,
        "median": 10.0,
        "q3": 14.0,
        "min": 2.0,
        "max": 60.0
    },
    "London": {
        "mean": 11.201743078584615,
        "q1": 7.0,
        "median": 10.0,
        "q3": 14.0,
        "min": 2.0,
        "max": 60.0
    },
    "Toulouse": {
        "mean": 11.343595591030027,
        "q1": 7.0,
        "median": 10.0,
        "q3": 15.0,
        "min": 2.0,
        "max": 53.0
    },
    "Manila": {
        "mean": 11.529168949879454,
        "q1": 7.0,
        "median": 11.0,
        "q3": 15.0,
        "min": 2.0,
        "max": 36.0
    },
    "Taipei": {
        "mean": 12.03333128065029,
        "q1": 7.0,
        "median": 10.0,
        "q3": 15.0,
        "min": 2.0,
        "max": 60.0
    },
    "New York City": {
        "mean": 12.214261933862039,
        "q1": 7.0,
        "median": 11.0,
        "q3": 16.0,
        "min": 2.0,
        "max": 60.0
    },
    "Seattle": {
        "mean": 12.620582751242715,
        "q1": 7.0,
        "median": 11.0,
        "q3": 16.0,
        "min": 2.0,
        "max": 54.0
    },
    "Manchester": {
        "mean": 12.660468193086869,
        "q1": 8.0,
        "median": 12.0,
        "q3": 16.0,
        "min": 2.0,
        "max": 42.0
    },
    "Vancouver": {
        "mean": 13.147024187161273,
        "q1": 7.0,
        "median": 11.0,
        "q3": 17.0,
        "min": 2.0,
        "max": 52.0
    },
    "The Hague": {
        "mean": 13.205636762652125,
        "q1": 7.0,
        "median": 11.0,
        "q3": 17.0,
        "min": 2.0,
        "max": 46.0
    },
    "Bari": {
        "mean": 13.238718762969285,
        "q1": 6.0,
        "median": 9.0,
        "q3": 14.0,
        "min": 3.0,
        "max": 60.0
    },
    "Prague": {
        "mean": 13.357497684886441,
        "q1": 8.0,
        "median": 11.0,
        "q3": 17.0,
        "min": 1.0,
        "max": 60.0
    },
    "Vienna": {
        "mean": 13.479753523351018,
        "q1": 7.0,
        "median": 11.0,
        "q3": 17.0,
        "min": 2.0,
        "max": 60.0
    },
    "Warsaw": {
        "mean": 13.49332754542902,
        "q1": 7.0,
        "median": 11.0,
        "q3": 17.0,
        "min": 2.0,
        "max": 60.0
    },
    "Boston": {
        "mean": 14.038850362918788,
        "q1": 7.0,
        "median": 11.0,
        "q3": 19.0,
        "min": 2.0,
        "max": 53.0
    },
    "Budapest": {
        "mean": 14.095783160007297,
        "q1": 8.0,
        "median": 12.0,
        "q3": 18.0,
        "min": 2.0,
        "max": 60.0
    },
    "Montreal": {
        "mean": 14.805170159085206,
        "q1": 8.0,
        "median": 12.0,
        "q3": 20.0,
        "min": 1.0,
        "max": 60.0
    },
    "Chicago": {
        "mean": 14.95739011073951,
        "q1": 9.0,
        "median": 12.0,
        "q3": 18.0,
        "min": 2.0,
        "max": 60.0
    },
    "Washington": {
        "mean": 15.158390718415186,
        "q1": 8.0,
        "median": 13.0,
        "q3": 20.0,
        "min": 2.0,
        "max": 58.0
    },
    "Amsterdam": {
        "mean": 15.45592791161534,
        "q1": 9.0,
        "median": 13.0,
        "q3": 20.0,
        "min": 2.0,
        "max": 60.0
    },
    "Helsinki": {
        "mean": 15.608332812141681,
        "q1": 9.0,
        "median": 14.0,
        "q3": 20.0,
        "min": 2.0,
        "max": 59.0
    },
    "Stockholm": {
        "mean": 15.650516718670472,
        "q1": 9.0,
        "median": 14.0,
        "q3": 21.0,
        "min": 2.0,
        "max": 59.0
    },
    "Rotterdam": {
        "mean": 15.701117541727953,
        "q1": 9.0,
        "median": 13.0,
        "q3": 20.0,
        "min": 2.0,
        "max": 60.0
    },
    "Catania": {
        "mean": 16.057674269526814,
        "q1": 8.0,
        "median": 14.0,
        "q3": 23.0,
        "min": 2.0,
        "max": 60.0
    },
    "Minneapolis": {
        "mean": 16.70551634299194,
        "q1": 10.0,
        "median": 15.0,
        "q3": 22.0,
        "min": 2.0,
        "max": 60.0
    },
    "Tallinn": {
        "mean": 16.887407753672612,
        "q1": 10.0,
        "median": 15.0,
        "q3": 21.0,
        "min": 2.0,
        "max": 60.0
    },
    "Bogota": {
        "mean": 16.956013420093637,
        "q1": 11.0,
        "median": 15.0,
        "q3": 22.0,
        "min": 2.0,
        "max": 60.0
    },
    "Palermo": {
        "mean": 17.28107493915656,
        "q1": 10.0,
        "median": 14.0,
        "q3": 22.0,
        "min": 2.0,
        "max": 60.0
    },
    "Rome": {
        "mean": 17.535977289776397,
        "q1": 9.0,
        "median": 14.0,
        "q3": 23.0,
        "min": 2.0,
        "max": 60.0
    },